a,b,diff_sharpe_aa,ic95_baixo,ic95_alto,p_boot,p_jk,n
bench::min_var,IFIX,0.1378,-0.539,0.9073,0.692,0.8093,550
bench::min_var_shrink,IFIX,0.1296,-0.4612,0.7673,0.6336,0.8019,550
bench::tangency,IFIX,-0.128,-1.1954,0.8409,0.7908,0.8552,550
bench::equal_weight,IFIX,-0.2704,-0.8272,0.1783,0.232,0.5583,550
bench::min_var,GPMF::peripheral_20,0.1813,-0.4628,0.908,0.5608,0.6442,550
bench::min_var,GPMF::peripheral_10,0.3306,-0.3326,1.1005,0.3208,0.4355,550
bench::min_var,GPMF::central_10,0.7788,-0.123,1.9164,0.098,0.1496,550
bench::min_var,bench::tangency,0.2657,-0.6503,1.3988,0.588,0.6129,550
bench::min_var,bench::equal_weight,0.4082,-0.3276,1.2807,0.2712,0.3333,550
GPMF::peripheral_10,bench::gpmf_peripheral_10_minvar,-0.0359,-0.6979,0.4913,0.8836,0.9177,550
