carteira,giro_medio_am,custo_medio_am,ret_bruto_aa,arrasto_custo_aa,arrasto_imposto_aa,ret_liq_aa
central_10,0.284,0.0009,-0.0006,0.0097,0.0041,-0.0144
central_15,0.252,0.0008,0.0168,0.0088,0.0032,0.0047
central_20,0.258,0.0008,0.0115,0.0089,0.0036,-0.001
peripheral_10,0.46,0.0014,0.0551,0.0166,0.0082,0.0303
peripheral_15,0.428,0.0013,0.0703,0.0157,0.0073,0.0473
peripheral_20,0.356,0.0011,0.0711,0.013,0.0069,0.0512
hybrid_10,0.472,0.0014,0.0553,0.017,0.0078,0.0305
hybrid_15,0.4013,0.0012,0.0453,0.0143,0.006,0.0249
hybrid_20,0.368,0.0011,0.0274,0.0129,0.0057,0.0087
