carteira,giro_medio,sharpe_bruto,ret_bruto,sharpe_liq,ret_liq,dd_liq
central_10,0.284,-1.381,-0.0012,-1.7023,-0.0592,-0.2042
central_15,0.252,-1.2127,0.0369,-1.5372,-0.0222,-0.1999
central_20,0.258,-1.3278,0.0252,-1.6534,-0.0321,-0.2002
peripheral_10,0.46,-0.7922,0.1242,-1.2372,0.0418,-0.2042
peripheral_15,0.428,-0.6398,0.1599,-1.1019,0.0762,-0.1793
peripheral_20,0.356,-0.6752,0.1617,-1.1395,0.0827,-0.1752
hybrid_10,0.472,-0.77,0.1247,-1.2189,0.0412,-0.2056
hybrid_15,0.4013,-0.9291,0.1015,-1.3419,0.0274,-0.1895
hybrid_20,0.368,-1.1922,0.0607,-1.591,-0.0071,-0.2028
