filtro,carteira,k,ret_liq_aa,vol_aa,sharpe_liq,dd_max,giro_medio
GPMF,central,10,-0.0144,0.0825,-1.5476,-0.2037,0.284
GPMF,central,15,0.0047,0.0799,-1.3608,-0.1988,0.252
GPMF,central,20,-0.001,0.0771,-1.4873,-0.1992,0.258
GPMF,peripheral,10,0.0303,0.0763,-1.0994,-0.2042,0.46
GPMF,peripheral,15,0.0473,0.0723,-0.9366,-0.178,0.428
GPMF,peripheral,20,0.0512,0.0677,-0.9501,-0.1741,0.356
GPMF,hybrid,10,0.0305,0.0777,-1.0748,-0.2052,0.472
GPMF,hybrid,15,0.0249,0.0751,-1.187,-0.1886,0.4013
GPMF,hybrid,20,0.0087,0.0732,-1.4385,-0.2021,0.368
MST,central,10,0.0166,0.0842,-1.1474,-0.1766,0.276
MST,central,15,-0.0075,0.081,-1.4912,-0.188,0.268
MST,central,20,0.0036,0.0779,-1.4115,-0.1943,0.252
MST,peripheral,10,0.0223,0.0737,-1.2466,-0.2298,0.444
MST,peripheral,15,0.0221,0.0754,-1.2194,-0.2323,0.348
MST,peripheral,20,0.0335,0.0722,-1.1216,-0.2238,0.296
MST,hybrid,10,-0.0015,0.0774,-1.4861,-0.1944,0.436
MST,hybrid,15,0.0096,0.074,-1.4087,-0.2131,0.396
MST,hybrid,20,0.0208,0.0717,-1.3045,-0.202,0.348
