,bruto,ajustado,dividendo,razao
2022-03-02,9.003111839294434,5.384841442108154,0.0,0.598108913698684
2022-03-03,8.993249893188477,5.378944396972656,0.0,0.5981090774589384
2022-03-04,8.993249893188477,5.378944396972656,0.0,0.5981090774589384
2022-03-07,8.943944931030273,5.349454879760742,0.0,0.598109102975495
2022-03-08,8.973527908325195,5.367149353027344,0.0,0.5981091726530396
2022-03-09,8.983388900756836,5.373046875,0.0,0.5981091250037421
2022-03-10,9.012972831726074,5.390741348266602,0.0,0.5981091310173428
2022-03-11,8.934083938598633,5.343556880950928,0.0,0.5981090974380411
2022-03-14,8.89463996887207,5.31996488571167,0.0,0.5981090751654443
2022-03-15,8.943944931030273,5.349454879760742,0.0,0.598109102975495
2022-03-16,8.953805923461914,5.355353832244873,0.0,0.5981092150112486
2022-03-17,8.943944931030273,5.349454879760742,0.0,0.598109102975495
2022-03-18,8.953805923461914,5.355353832244873,0.0,0.5981092150112486
2022-03-21,8.914361953735352,5.331760406494141,0.0,0.59810903283549
2022-03-22,8.963666915893555,5.361250877380371,0.0,0.598109114013852
2022-03-23,8.953805923461914,5.355353832244873,0.0,0.5981092150112486
2022-03-24,8.953805923461914,5.355353832244873,0.0,0.5981092150112486
2022-03-25,9.022833824157715,5.3966383934021,0.0,0.5981090307740293
2022-03-28,9.003111839294434,5.384841442108154,0.0,0.598108913698684
2022-03-29,9.012972831726074,5.390741348266602,0.0,0.5981091310173428
2022-03-30,9.081999778747559,5.432026386260986,0.0,0.5981090639279979
2022-03-31,9.131304740905762,5.461515426635742,0.0,0.5981089867880149
2022-04-01,9.170748710632324,5.485109806060791,0.0,0.5981092688431752
2022-04-04,9.318663597106934,5.573576927185059,0.0,0.5981090388234883
2022-04-05,9.170748710632324,5.485109806060791,0.0,0.5981092688431752
2022-04-06,9.229914665222168,5.52049446105957,0.0,0.5981089383047605
2022-04-07,9.26935863494873,5.544086456298828,0.0,0.5981089603541371
2022-04-08,9.318663597106934,5.573576927185059,0.0,0.5981090388234883
2022-04-11,9.358107566833496,5.597168922424316,0.0,0.5981090602400749
2022-04-12,9.377829551696777,5.608966827392578,0.0,0.5981092742699423
2022-04-13,9.46657943725586,5.662047386169434,0.0,0.5981091083318189
2022-04-14,9.555329322814941,5.715129852294922,0.0,0.5981091450871396
2022-04-18,9.5454683303833,5.709229946136475,0.0,0.5981089401306744
2022-04-19,9.575051307678223,5.726924896240234,0.0,0.598109055734022
2022-04-20,9.584912300109863,5.732821941375732,0.0,0.5981089614466292
2022-04-22,9.663800239562988,5.780007839202881,0.0,0.5981092009269701
2022-04-25,9.663800239562988,5.780007839202881,0.0,0.5981092009269701
2022-04-26,9.68352222442627,5.791802883148193,0.0,0.5981091124610236
2022-04-27,9.722966194152832,5.815395355224609,0.0,0.5981091818175666
2022-04-28,9.762410163879395,5.838986873626709,0.0,0.5981091529252452
2022-04-29,9.811715126037598,5.868475437164307,0.0,0.59810903208869
2022-05-02,9.476441383361816,5.731207370758057,0.108303,0.6047847645446925
2022-05-03,9.486302375793457,5.737171173095703,0.0,0.6047847671117307
2022-05-04,9.496163368225098,5.743134498596191,0.0,0.6047847194597733
2022-05-05,9.5454683303833,5.772953033447266,0.0,0.6047846824939862
2022-05-06,9.496163368225098,5.743134498596191,0.0,0.6047847194597733
2022-05-09,9.555329322814941,5.77891731262207,0.0,0.6047847350299003
2022-05-10,9.52574634552002,5.761026859283447,0.0,0.604784827384457
2022-05-11,9.417274475097656,5.695425033569336,0.0,0.6047848609095866
2022-05-12,9.229914665222168,5.58211088180542,0.0,0.604784668577546
2022-05-13,9.298941612243652,5.623860836029053,0.0,0.6047850465717813
2022-05-16,9.387690544128418,5.677530765533447,0.0,0.6047846101067413
2022-05-17,9.4074125289917,5.6894612312316895,0.0,0.604784919731961
2022-05-18,9.446857452392578,5.713315963745117,0.0,0.6047848178653444
2022-05-19,9.52574634552002,5.761026859283447,0.0,0.604784827384457
2022-05-20,9.52574634552002,5.761026859283447,0.0,0.604784827384457
2022-05-23,9.575051307678223,5.790844917297363,0.0,0.6047847401771823
2022-05-24,9.70324420928955,5.868374347686768,0.0,0.6047847731244967
2022-05-25,9.68352222442627,5.856448173522949,0.0,0.6047849158388163
2022-05-26,9.673661231994629,5.850483417510986,0.0,0.6047848148910902
2022-05-27,9.70324420928955,5.868374347686768,0.0,0.6047847731244967
2022-05-30,9.752549171447754,5.898191928863525,0.0,0.6047846388851322
2022-05-31,9.772271156311035,5.910120487213135,0.0,0.6047847417124029
2022-06-01,9.584912300109863,5.861772537231445,0.108303,0.6115624591749532
2022-06-02,9.614495277404785,5.879864692687988,0.0,0.6115624921576875
2022-06-03,9.575051307678223,5.855741500854492,0.0,0.6115624149354458
2022-06-06,9.584912300109863,5.861772537231445,0.0,0.6115624591749532
2022-06-07,9.555329322814941,5.843681812286377,0.0,0.6115625756962256
2022-06-08,9.53560733795166,5.831620693206787,0.0,0.6115625871041241
2022-06-09,9.506024360656738,5.813529014587402,0.0,0.611562604304726
2022-06-10,9.506024360656738,5.813529014587402,0.0,0.611562604304726
2022-06-13,9.417274475097656,5.75925350189209,0.0,0.6115626678527246
2022-06-14,9.456718444824219,5.7833757400512695,0.0,0.6115626444622113
2022-06-15,9.456718444824219,5.7833757400512695,0.0,0.6115626444622113
2022-06-17,9.506024360656738,5.813529014587402,0.0,0.611562604304726
2022-06-20,9.506024360656738,5.813529014587402,0.0,0.611562604304726
2022-06-21,9.565190315246582,5.849711894989014,0.0,0.6115625201586189
2022-06-22,9.575051307678223,5.855741500854492,0.0,0.6115624149354458
2022-06-23,9.515885353088379,5.819558620452881,0.0,0.6115624983401197
2022-06-24,9.476441383361816,5.795436382293701,0.0,0.6115625209763857
2022-06-27,9.46657943725586,5.789405822753906,0.0,0.6115625882744528
2022-06-28,9.456718444824219,5.7833757400512695,0.0,0.6115626444622113
2022-06-29,9.476441383361816,5.795436382293701,0.0,0.6115625209763857
2022-06-30,9.5454683303833,5.837650299072266,0.0,0.6115624814856887
2022-07-01,9.446857452392578,5.8375563621521,0.098457,0.6179363234356456
2022-07-04,9.456718444824219,5.843649387359619,0.0,0.6179362768866109
2022-07-05,9.4074125289917,5.813182353973389,0.0,0.617936370501279
2022-07-06,9.446857452392578,5.8375563621521,0.0,0.6179363234356456
2022-07-07,9.496163368225098,5.86802339553833,0.0,0.6179362304542056
2022-07-08,9.584912300109863,5.922863960266113,0.0,0.6179361662180493
2022-07-11,9.555329322814941,5.904584884643555,0.0,0.6179363039372566
2022-07-12,9.5454683303833,5.8984904289245605,0.0,0.617936200170464
2022-07-13,9.565190315246582,5.910677433013916,0.0,0.6179362080849036
2022-07-14,9.555329322814941,5.904584884643555,0.0,0.6179363039372566
2022-07-15,9.5454683303833,5.8984904289245605,0.0,0.617936200170464
2022-07-18,9.565190315246582,5.910677433013916,0.0,0.6179362080849036
2022-07-19,9.476441383361816,5.855836391448975,0.0,0.6179362225286711
2022-07-20,9.555329322814941,5.904584884643555,0.0,0.6179363039372566
2022-07-21,9.555329322814941,5.904584884643555,0.0,0.6179363039372566
2022-07-22,9.575051307678223,5.916769981384277,0.0,0.61793611242998
2022-07-25,9.634217262268066,5.953333854675293,0.0,0.6179364335067706
2022-07-26,9.673661231994629,5.977706432342529,0.0,0.6179363003297952
2022-07-27,9.68352222442627,5.983800888061523,0.0,0.617936402620902
2022-07-28,9.663800239562988,5.971613883972168,0.0,0.6179363952003848
2022-07-29,9.70324420928955,5.995986461639404,0.0,0.6179362625851521
2022-08-01,9.653939247131348,6.039051055908203,0.118148,0.6255530412316089
2022-08-02,9.663800239562988,6.045219898223877,0.0,0.6255530690167961
2022-08-03,9.69338321685791,6.06372594833374,0.0,0.6255531028411445
2022-08-04,9.673661231994629,6.051390171051025,0.0,0.6255532446222823
2022-08-05,9.673661231994629,6.051390171051025,0.0,0.6255532446222823
2022-08-08,9.69338321685791,6.06372594833374,0.0,0.6255531028411445
2022-08-09,9.752549171447754,6.100736141204834,0.0,0.6255529742998658
2022-08-10,9.772271156311035,6.113072872161865,0.0,0.6255529317986617
2022-08-11,9.782132148742676,6.119243621826172,0.0,0.625553154340968
2022-08-12,9.722966194152832,6.082233428955078,0.0,0.6255532835867302
2022-08-15,9.742688179016113,6.094568252563477,0.0,0.6255530445580729
2022-08-16,9.782132148742676,6.119243621826172,0.0,0.625553154340968
2022-08-17,9.831437110900879,6.150084495544434,0.0,0.6255529508219462
2022-08-18,9.85115909576416,6.1624226570129395,0.0,0.6255530539205972
2022-08-19,9.870881080627441,6.1747589111328125,0.0,0.6255529633774409
2022-08-22,9.910325050354004,6.199434757232666,0.0,0.6255531201785574
2022-08-23,9.939908027648926,6.2179388999938965,0.0,0.625552961123788
2022-08-24,9.949769973754883,6.22410774230957,0.0,0.6255529282312335
2022-08-25,9.949769973754883,6.22410774230957,0.0,0.6255529282312335
2022-08-26,10.048379898071289,6.285794734954834,0.0,0.6255530541954674
2022-08-29,10.097684860229492,6.316637992858887,0.0,0.6255530926437852
2022-08-30,10.117406845092773,6.328976154327393,0.0,0.6255531927528568
2022-08-31,10.176572799682617,6.3659868240356445,0.0,0.6255531159010806
2022-09-01,9.949769973754883,6.291059494018555,0.108303,0.6322819030603589
2022-09-02,9.949769973754883,6.291059494018555,0.0,0.6322819030603589
2022-09-05,10.018796920776367,6.334705829620361,0.0,0.6322820873316473
2022-09-06,10.048379898071289,6.353410720825195,0.0,0.6322820977384309
2022-09-08,9.949769973754883,6.291059494018555,0.0,0.6322819030603589
2022-09-09,10.028657913208008,6.340940952301025,0.0,0.6322821066565486
2022-09-12,10.028657913208008,6.340940952301025,0.0,0.6322821066565486
2022-09-13,10.048379898071289,6.353410720825195,0.0,0.6322820977384309
2022-09-14,10.05824089050293,6.359645366668701,0.0,0.632282069588682
2022-09-15,10.038518905639648,6.3471784591674805,0.0,0.6322823634472243
2022-09-16,10.156850814819336,6.4219970703125,0.0,0.6322823075182414
2022-09-19,10.156850814819336,6.4219970703125,0.0,0.6322823075182414
2022-09-20,10.107545852661133,6.390819549560547,0.0,0.6322820240165381
2022-09-21,10.156850814819336,6.4219970703125,0.0,0.6322823075182414
2022-09-22,10.117406845092773,6.397055625915527,0.0,0.6322821374943797
2022-09-23,10.048379898071289,6.353410720825195,0.0,0.6322820977384309
2022-09-26,10.127267837524414,6.403292179107666,0.0,0.6322822978357147
2022-09-27,10.06810188293457,6.365880489349365,0.0,0.632282088855252
2022-09-28,10.127267837524414,6.403292179107666,0.0,0.6322822978357147
2022-09-29,10.137128829956055,6.4095234870910645,0.0,0.6322819404396235
2022-09-30,10.156850814819336,6.4219970703125,0.0,0.6322823075182414
2022-10-03,10.107545852661133,6.453375816345215,0.098457,0.638471089858688
2022-10-04,10.097684860229492,6.447080612182617,0.0,0.6384711645710929
2022-10-05,10.107545852661133,6.453375816345215,0.0,0.638471089858688
2022-10-06,10.137128829956055,6.472267150878906,0.0,0.6384714310577588
2022-10-07,10.166711807250977,6.491153717041016,0.0,0.6384713012531225
2022-10-10,10.156850814819336,6.484856128692627,0.0,0.6384711409988328
2022-10-11,10.156850814819336,6.484856128692627,0.0,0.6384711409988328
2022-10-13,10.127267837524414,6.465969085693359,0.0,0.6384712233772569
2022-10-14,10.137128829956055,6.472267150878906,0.0,0.6384714310577588
2022-10-17,10.077962875366211,6.43449068069458,0.0,0.6384713617493619
2022-10-18,10.097684860229492,6.447080612182617,0.0,0.6384711645710929
2022-10-19,10.127267837524414,6.465969085693359,0.0,0.6384712233772569
2022-10-20,10.127267837524414,6.465969085693359,0.0,0.6384712233772569
2022-10-21,10.127267837524414,6.465969085693359,0.0,0.6384712233772569
2022-10-24,10.137128829956055,6.472267150878906,0.0,0.6384714310577588
2022-10-25,10.127267837524414,6.465969085693359,0.0,0.6384712233772569
2022-10-26,10.06810188293457,6.42819356918335,0.0,0.638471247502882
2022-10-27,10.107545852661133,6.453375816345215,0.0,0.638471089858688
2022-10-28,10.127267837524414,6.465969085693359,0.0,0.6384712233772569
2022-10-31,10.156850814819336,6.484856128692627,0.0,0.6384711409988328
2022-11-01,10.06810188293457,6.491116046905518,0.098457,0.6447209337350824
2022-11-03,10.117406845092773,6.522904396057129,0.0,0.6447209740528445
2022-11-04,10.127267837524414,6.529262065887451,0.0,0.6447209820692876
2022-11-07,10.127267837524414,6.529262065887451,0.0,0.6447209820692876
2022-11-08,10.107545852661133,6.51654577255249,0.0,0.644720871668052
2022-11-09,10.05824089050293,6.48475980758667,0.0,0.6447210678469265
2022-11-10,10.048379898071289,6.4784016609191895,0.0,0.6447210124054595
2022-11-11,10.018796920776367,6.459328651428223,0.0,0.6447209882089997
2022-11-14,10.028657913208008,6.4656853675842285,0.0,0.6447209011954381
2022-11-16,10.018796920776367,6.459328651428223,0.0,0.6447209882089997
2022-11-17,9.890603065490723,6.376681327819824,0.0,0.6447211849061749
2022-11-18,9.979352951049805,6.433895111083984,0.0,0.6447206690296643
2022-11-21,9.939908027648926,6.408466339111328,0.0,0.6447208888940912
2022-11-22,9.939908027648926,6.408466339111328,0.0,0.6447208888940912
2022-11-23,9.880742073059082,6.3703227043151855,0.0,0.6447210803816611
2022-11-24,9.890603065490723,6.376681327819824,0.0,0.6447211849061749
2022-11-25,9.910325050354004,6.3893938064575195,0.0,0.6447209121792918
2022-11-28,9.930047035217285,6.402108192443848,0.0,0.6447208326142394
2022-11-29,10.038518905639648,6.472043514251709,0.0,0.6447209568550705
2022-11-30,10.048379898071289,6.4784016609191895,0.0,0.6447210124054595
2022-12-01,9.8610200881958,6.407834529876709,0.078766,0.6498145701525595
2022-12-02,9.870881080627441,6.414242267608643,0.0,0.6498145621668174
2022-12-05,9.8610200881958,6.407834529876709,0.0,0.6498145701525595
2022-12-06,9.8610200881958,6.407834529876709,0.0,0.6498145701525595
2022-12-07,9.8610200881958,6.407834529876709,0.0,0.6498145701525595
2022-12-08,9.8610200881958,6.407834529876709,0.0,0.6498145701525595
2022-12-09,9.8610200881958,6.407834529876709,0.0,0.6498145701525595
2022-12-12,9.821576118469238,6.382204055786133,0.0,0.6498146508058469
2022-12-13,9.762410163879395,6.343757152557373,0.0,0.6498146508972827
2022-12-14,9.584912300109863,6.2284159660339355,0.0,0.649814601429639
2022-12-15,9.722966194152832,6.318125247955322,0.0,0.6498145855690517
2022-12-16,9.762410163879395,6.343757152557373,0.0,0.6498146508972827
2022-12-19,9.673661231994629,6.286086082458496,0.0,0.6498145770980609
2022-12-20,9.811715126037598,6.375795841217041,0.0,0.6498146103220455
2022-12-21,9.85115909576416,6.40142822265625,0.0,0.6498147233667926
2022-12-22,9.870881080627441,6.414242267608643,0.0,0.6498145621668174
2022-12-23,9.85115909576416,6.40142822265625,0.0,0.6498147233667926
2022-12-26,9.8610200881958,6.407834529876709,0.0,0.6498145701525595
2022-12-27,9.880742073059082,6.420654773712158,0.0,0.6498150367894707
2022-12-28,9.930047035217285,6.452689170837402,0.0,0.649814562605061
2022-12-29,9.949769973754883,6.465505599975586,0.0,0.6498145803400527
2023-01-02,9.920186042785645,6.510707855224609,0.098457,0.6563090477480971
2023-01-03,9.939908027648926,6.523650646209717,0.0,0.6563089545761871
2023-01-04,9.959630966186523,6.536596298217773,0.0,0.6563090861910311
2023-01-05,9.959630966186523,6.536596298217773,0.0,0.6563090861910311
2023-01-06,9.999074935913086,6.562482833862305,0.0,0.6563089961744585
2023-01-09,9.969491958618164,6.543066501617432,0.0,0.6563089201312062
2023-01-10,9.969491958618164,6.543066501617432,0.0,0.6563089201312062
2023-01-11,9.979352951049805,6.549538612365723,0.0,0.6563089455290512
2023-01-12,9.979352951049805,6.549538612365723,0.0,0.6563089455290512
2023-01-13,10.05824089050293,6.601315975189209,0.0,0.6563091943266365
2023-01-16,10.028657913208008,6.581899642944336,0.0,0.6563091193165339
2023-01-17,10.018796920776367,6.5754265785217285,0.0,0.6563089990262215
2023-01-18,10.008935928344727,6.568955421447754,0.0,0.6563090690634609
2023-01-19,9.8610200881958,6.471878528594971,0.0,0.6563092327884187
2023-01-20,9.930047035217285,6.517180442810059,0.0,0.6563091211649484
2023-01-23,9.890603065490723,6.491292953491211,0.0,0.656309115885963
2023-01-24,9.870881080627441,6.4783477783203125,0.0,0.6563089683082797
2023-01-25,9.900464057922363,6.497763633728027,0.0,0.656308996801873
2023-01-26,9.930047035217285,6.517180442810059,0.0,0.6563091211649484
2023-01-27,9.949769973754883,6.530124664306641,0.0,0.656309108806691
2023-01-30,9.969491958618164,6.543066501617432,0.0,0.6563089201312062
2023-01-31,10.008935928344727,6.568955421447754,0.0,0.6563090690634609
2023-02-01,9.930047035217285,6.588470458984375,0.108303,0.663488343571598
2023-02-02,9.870881080627441,6.5492143630981445,0.0,0.6634883258751452
2023-02-03,9.930047035217285,6.588470458984375,0.0,0.663488343571598
2023-02-06,9.939908027648926,6.595012664794922,0.0,0.663488298528536
2023-02-07,9.930047035217285,6.588470458984375,0.0,0.663488343571598
2023-02-08,9.949769973754883,6.601556777954102,0.0,0.6634883816779114
2023-02-09,9.939908027648926,6.595012664794922,0.0,0.663488298528536
2023-02-10,9.949769973754883,6.601556777954102,0.0,0.6634883816779114
2023-02-13,9.959630966186523,6.608099460601807,0.0,0.6634883845633092
2023-02-14,9.979352951049805,6.621183395385742,0.0,0.6634882469698808
2023-02-15,9.979352951049805,6.621183395385742,0.0,0.6634882469698808
2023-02-16,9.979352951049805,6.621183395385742,0.0,0.6634882469698808
2023-02-17,10.008935928344727,6.640812397003174,0.0,0.663488351263872
2023-02-22,9.999074935913086,6.634270191192627,0.0,0.6634883960479895
2023-02-23,10.028657913208008,6.653899192810059,0.0,0.6634884996971228
2023-02-24,10.048379898071289,6.666985034942627,0.0,0.6634885526394464
2023-02-27,10.048379898071289,6.666985034942627,0.0,0.6634885526394464
2023-02-28,10.087823867797852,6.6931538581848145,0.0,0.663488374291562
2023-03-01,10.048379898071289,6.745993137359619,0.118148,0.6713513228788714
2023-03-02,10.038518905639648,6.739372730255127,0.0,0.6713513012829952
2023-03-03,10.097684860229492,6.77909517288208,0.0,0.6713514302255627
2023-03-06,10.077962875366211,6.7658538818359375,0.0,0.6713513400980932
2023-03-07,10.107545852661133,6.785713195800781,0.0,0.6713512156874586
2023-03-08,10.097684860229492,6.77909517288208,0.0,0.6713514302255627
2023-03-09,10.097684860229492,6.77909517288208,0.0,0.6713514302255627
2023-03-10,10.127267837524414,6.798953533172607,0.0,0.6713512116249702
2023-03-13,10.107545852661133,6.785713195800781,0.0,0.6713512156874586
2023-03-14,10.137128829956055,6.805574893951416,0.0,0.6713513271963536
2023-03-15,10.137128829956055,6.805574893951416,0.0,0.6713513271963536
2023-03-16,10.137128829956055,6.805574893951416,0.0,0.6713513271963536
2023-03-17,10.107545852661133,6.785713195800781,0.0,0.6713512156874586
2023-03-20,10.146989822387695,6.81219482421875,0.0,0.6713513015642079
2023-03-21,10.137128829956055,6.805574893951416,0.0,0.6713513271963536
2023-03-22,10.176572799682617,6.832056045532227,0.0,0.6713513655348982
2023-03-23,10.166711807250977,6.82543420791626,0.0,0.6713512035472775
2023-03-24,10.196294784545898,6.845294952392578,0.0,0.6713512209128857
2023-03-27,10.21601676940918,6.858537197113037,0.0,0.671351403577393
2023-03-28,10.117406845092773,6.792333602905273,0.0,0.6713512372194211
2023-03-29,10.176572799682617,6.832056045532227,0.0,0.6713513655348982
2023-03-30,10.176572799682617,6.832056045532227,0.0,0.6713513655348982
2023-03-31,10.235738754272461,6.871776103973389,0.0,0.6713512594393899
2023-04-03,10.137128829956055,6.885046482086182,0.118148,0.6791909817442884
2023-04-04,10.166711807250977,6.90513801574707,0.0,0.6791908875416606
2023-04-05,10.206155776977539,6.931929111480713,0.0,0.6791909963903707
2023-04-06,10.206155776977539,6.931929111480713,0.0,0.6791909963903707
2023-04-10,10.156850814819336,6.898440361022949,0.0,0.6791908719342211
2023-04-11,10.196294784545898,6.925230503082275,0.0,0.6791908874171194
2023-04-12,10.186433792114258,6.918534278869629,0.0,0.6791910122878877
2023-04-13,10.196294784545898,6.925230503082275,0.0,0.6791908874171194
2023-04-14,10.206155776977539,6.931929111480713,0.0,0.6791909963903707
2023-04-17,10.196294784545898,6.925230503082275,0.0,0.6791908874171194
2023-04-18,10.22587776184082,6.9453229904174805,0.0,0.6791908872932989
2023-04-19,10.235738754272461,6.95202112197876,0.0,0.679190949366204
2023-04-20,10.245599746704102,6.9587178230285645,0.0,0.6791908716975898
2023-04-24,10.245599746704102,6.9587178230285645,0.0,0.6791908716975898
2023-04-25,10.265321731567383,6.972115516662598,0.0,0.6791911348693837
2023-04-26,10.304765701293945,6.998902797698975,0.0,0.6791908715421
2023-04-27,10.324487686157227,7.012298583984375,0.0,0.6791909484657782
2023-04-28,10.42309856414795,7.079273700714111,0.0,0.6791909005892449
2023-05-02,10.334348678588867,7.0994696617126465,0.118148,0.686977949217218
2023-05-03,10.354070663452148,7.1130194664001465,0.0,0.6869780685878182
2023-05-04,10.334348678588867,7.0994696617126465,0.0,0.686977949217218
2023-05-05,10.37379264831543,7.126567363739014,0.0,0.6869780036423108
2023-05-08,10.393514633178711,7.140116214752197,0.0,0.6869780306999475
2023-05-09,10.43295955657959,7.167210578918457,0.0,0.686977701777673
2023-05-10,10.44282054901123,7.17398738861084,0.0,0.6869779438362659
2023-05-11,10.48226547241211,7.201085090637207,0.0,0.6869779352172943
2023-05-12,10.48226547241211,7.201085090637207,0.0,0.6869779352172943
2023-05-15,10.561153411865234,7.255279064178467,0.0,0.6869779067906837
2023-05-16,10.571014404296875,7.262054920196533,0.0,0.6869780555066385
2023-05-17,10.590736389160156,7.275601387023926,0.0,0.6869778568438979
2023-05-18,10.571014404296875,7.262054920196533,0.0,0.6869780555066385
2023-05-19,10.580875396728516,7.268827438354492,0.0,0.6869778884837761
2023-05-22,10.561153411865234,7.255279064178467,0.0,0.6869779067906837
2023-05-23,10.561153411865234,7.255279064178467,0.0,0.6869779067906837
2023-05-24,10.344209671020508,7.106244087219238,0.0,0.6869779628624032
2023-05-25,10.452681541442871,7.180762767791748,0.0,0.6869780485822136
2023-05-26,10.37379264831543,7.126567363739014,0.0,0.6869780036423108
2023-05-29,10.50198745727539,7.214634895324707,0.0,0.6869780529328926
2023-05-30,10.452681541442871,7.180762767791748,0.0,0.6869780485822136
2023-05-31,10.561153411865234,7.255279064178467,0.0,0.6869779067906837
2023-06-01,10.44282054901123,7.255151271820068,0.118148,0.694750162350249
2023-06-02,10.452681541442871,7.262003421783447,0.0,0.6947502794370038
2023-06-05,10.511848449707031,7.303107738494873,0.0,0.694750097800203
2023-06-06,10.541431427001953,7.3236613273620605,0.0,0.6947501748768624
2023-06-07,10.561153411865234,7.337362289428711,0.0,0.6947500905711055
2023-06-09,10.561153411865234,7.337362289428711,0.0,0.6947500905711055
2023-06-12,10.551292419433594,7.330511569976807,0.0,0.6947501100884396
2023-06-13,10.561153411865234,7.337362289428711,0.0,0.6947500905711055
2023-06-14,10.561153411865234,7.337362289428711,0.0,0.6947500905711055
2023-06-15,10.669624328613281,7.412721633911133,0.0,0.6947500123347413
2023-06-16,10.738651275634766,7.460679531097412,0.0,0.6947501450228821
2023-06-19,10.81753921508789,7.515484809875488,0.0,0.6947499482500767
2023-06-20,10.669624328613281,7.412721633911133,0.0,0.6947500123347413
2023-06-21,10.64990234375,7.399019718170166,0.0,0.694750006089244
2023-06-22,10.571014404296875,7.344213485717773,0.0,0.6947501161981692
2023-06-23,10.630180358886719,7.38532018661499,0.0,0.6947502241051762
2023-06-26,10.610458374023438,7.3716139793396,0.0,0.6947498137674063
2023-06-27,10.590736389160156,7.357913494110107,0.0,0.694749942189203
2023-06-28,10.638862609863281,7.3913493156433105,0.0,0.6947499546418426
2023-06-29,10.658712387084961,7.4051432609558105,0.0,0.6947502655131719
2023-06-30,10.817501068115234,7.51546049118042,0.0,0.6947501501370188
2023-07-03,10.569393157958984,7.424700736999512,0.118907,0.7024718095010545
2023-07-04,10.589241027832031,7.4386444091796875,0.0,0.7024719136743103
2023-07-05,10.599165916442871,7.445616245269775,0.0,0.702471902408766
2023-07-06,10.599165916442871,7.445616245269775,0.0,0.702471902408766
2023-07-07,10.628938674926758,7.46652889251709,0.0,0.7024717256230233
2023-07-10,10.589241027832031,7.4386444091796875,0.0,0.7024719136743103
2023-07-11,10.599165916442871,7.445616245269775,0.0,0.702471902408766
2023-07-12,10.609089851379395,7.452584743499756,0.0,0.7024716396883726
2023-07-13,10.529696464538574,7.396813869476318,0.0,0.7024717088841987
2023-07-14,10.569393157958984,7.424700736999512,0.0,0.7024718095010545
2023-07-17,10.569393157958984,7.424700736999512,0.0,0.7024718095010545
2023-07-18,10.549544334411621,7.410757064819336,0.0,0.7024717684389593
2023-07-19,10.559468269348145,7.41772985458374,0.0,0.7024719110256534
2023-07-20,10.509846687316895,7.382870197296143,0.0,0.7024717312199869
2023-07-21,10.480073928833008,7.361956596374512,0.0,0.7024718190317472
2023-07-24,10.390754699707031,7.299210548400879,0.0,0.7024716451642037
2023-07-25,10.360981941223145,7.27829647064209,0.0,0.7024716877156206
2023-07-26,10.440377235412598,7.334068298339844,0.0,0.7024715805731138
2023-07-27,10.509846687316895,7.382870197296143,0.0,0.7024717312199869
2023-07-28,10.529696464538574,7.396813869476318,0.0,0.7024717088841987
2023-07-31,10.638862609863281,7.473501682281494,0.0,0.7024718671855783
2023-08-01,10.549544334411621,7.494523048400879,0.118907,0.710412015043574
2023-08-02,10.559468269348145,7.501570701599121,0.0,0.7104117849735446
2023-08-03,10.559468269348145,7.501570701599121,0.0,0.7104117849735446
2023-08-04,10.619013786315918,7.5438737869262695,0.0,0.7104119025297438
2023-08-07,10.569393157958984,7.5086212158203125,0.0,0.7104117619246813
2023-08-08,10.509846687316895,7.466318130493164,0.0,0.7104117074803185
2023-08-09,10.380830764770508,7.37466287612915,0.0,0.7104116272809871
2023-08-10,10.420528411865234,7.402869701385498,0.0,0.7104121219953003
2023-08-11,10.440377235412598,7.416967391967773,0.0,0.7104118198727768
2023-08-14,10.480073928833008,7.445169448852539,0.0,0.7104119206992641
2023-08-15,10.480073928833008,7.445169448852539,0.0,0.7104119206992641
2023-08-16,10.480073928833008,7.445169448852539,0.0,0.7104119206992641
2023-08-17,10.450301170349121,7.424017906188965,0.0,0.7104118613589148
2023-08-18,10.509846687316895,7.466318130493164,0.0,0.7104117074803185
2023-08-21,10.589241027832031,7.522724151611328,0.0,0.710412024038278
2023-08-22,10.559468269348145,7.501570701599121,0.0,0.7104117849735446
2023-08-23,10.579317092895508,7.51567268371582,0.0,0.7104118931044175
2023-08-24,10.619013786315918,7.5438737869262695,0.0,0.7104119025297438
2023-08-25,10.698409080505371,7.60027551651001,0.0,0.7104117499450664
2023-08-28,10.668636322021484,7.5791239738464355,0.0,0.7104116913426054
2023-08-29,10.757954597473145,7.642577171325684,0.0,0.7104117332044505
2023-08-30,10.867121696472168,7.720134735107422,0.0,0.7104120990578063
2023-08-31,10.886971473693848,7.7342329025268555,0.0,0.7104117909388351
2023-09-01,10.678560256958008,7.6628947257995605,0.108998,0.7175962434455075
2023-09-04,10.718256950378418,7.691381454467773,0.0,0.7175962929491275
2023-09-05,10.738105773925781,7.705626487731934,0.0,0.7175964411193173
2023-09-06,10.698409080505371,7.67713737487793,0.0,0.7175961694030938
2023-09-08,10.777803421020508,7.734109878540039,0.0,0.7175961164271937
2023-09-11,10.797652244567871,7.748355865478516,0.0,0.7175963524271298
2023-09-12,10.867121696472168,7.798208713531494,0.0,0.7175965201588802
2023-09-13,10.886971473693848,7.8124494552612305,0.0,0.717596208839017
2023-09-14,11.006063461303711,7.897909164428711,0.0,0.7175961861565691
2023-09-15,11.035836219787598,7.919273853302002,0.0,0.7175961744613877
2023-09-18,11.015987396240234,7.905030250549316,0.0,0.7175961596731047
2023-09-19,10.817501068115234,7.762597560882568,0.0,0.7175961908395789
2023-09-20,10.896895408630371,7.819570064544678,0.0,0.7175961382864662
2023-09-21,10.867121696472168,7.798208713531494,0.0,0.7175965201588802
2023-09-22,10.867121696472168,7.798208713531494,0.0,0.7175965201588802
2023-09-25,10.847273826599121,7.783964157104492,0.0,0.7175963547649234
2023-09-26,10.847273826599121,7.783964157104492,0.0,0.7175963547649234
2023-09-27,10.847273826599121,7.783964157104492,0.0,0.7175963547649234
2023-09-28,10.886971473693848,7.8124494552612305,0.0,0.717596208839017
2023-09-29,10.986213684082031,7.883666038513184,0.0,0.7175962770445525
2023-10-02,10.847273826599121,7.861966609954834,0.108998,0.7247873277317042
2023-10-03,10.807576179504395,7.833189487457275,0.0,0.724786886287438
2023-10-04,10.827425003051758,7.847578525543213,0.0,0.7247871514539549
2023-10-05,10.857197761535645,7.869156360626221,0.0,0.7247870521899018
2023-10-06,10.886971473693848,7.890735149383545,0.0,0.724786977576813
2023-10-09,10.867121696472168,7.8763508796691895,0.0,0.7247872159401801
2023-10-10,10.886971473693848,7.890735149383545,0.0,0.724786977576813
2023-10-11,10.886971473693848,7.890735149383545,0.0,0.724786977576813
2023-10-13,10.896895408630371,7.897931098937988,0.0,0.7247872722246013
2023-10-16,10.906819343566895,7.90512228012085,0.0,0.7247871291444359
2023-10-17,10.916744232177734,7.912313938140869,0.0,0.7247869666872717
2023-10-18,10.886971473693848,7.890735149383545,0.0,0.724786977576813
2023-10-19,10.877046585083008,7.883542537689209,0.0,0.7247870528109029
2023-10-20,10.877046585083008,7.883542537689209,0.0,0.7247870528109029
2023-10-23,10.896895408630371,7.897931098937988,0.0,0.7247872722246013
2023-10-24,10.817501068115234,7.84038782119751,0.0,0.7247873396848727
2023-10-25,10.817501068115234,7.84038782119751,0.0,0.7247873396848727
2023-10-26,10.748029708862305,7.790034294128418,0.0,0.7247871940384695
2023-10-27,10.767878532409668,7.804417133331299,0.0,0.724786884421216
2023-10-30,10.698409080505371,7.754073143005371,0.0,0.7247874973424632
2023-10-31,10.728181838989258,7.775648593902588,0.0,0.7247871736889911
2023-11-01,10.529696464538574,7.710124492645264,0.108998,0.7322266618616278
2023-11-03,10.589241027832031,7.753723621368408,0.0,0.7322265685509524
2023-11-06,10.589241027832031,7.753723621368408,0.0,0.7322265685509524
2023-11-07,10.678560256958008,7.819126129150391,0.0,0.7322266242825715
2023-11-08,10.688485145568848,7.826394557952881,0.0,0.7322267329152334
2023-11-09,10.718256950378418,7.848193168640137,0.0,0.7322266302230279
2023-11-10,10.757954597473145,7.877260684967041,0.0,0.732226615533149
2023-11-13,10.748029708862305,7.869993686676025,0.0,0.7322266405894663
2023-11-14,10.757954597473145,7.877260684967041,0.0,0.732226615533149
2023-11-16,10.817501068115234,7.92086124420166,0.0,0.7322265275802496
2023-11-17,10.837348937988281,7.935392379760742,0.0,0.7322263429153528
2023-11-20,10.817501068115234,7.92086124420166,0.0,0.7322265275802496
2023-11-21,10.857197761535645,7.9499287605285645,0.0,0.7322265777172438
2023-11-22,10.867121696472168,7.957193374633789,0.0,0.7322263978342085
2023-11-23,10.777803421020508,7.891792297363281,0.0,0.7322264091374603
2023-11-24,10.748029708862305,7.869993686676025,0.0,0.7322266405894663
2023-11-27,10.569393157958984,7.739190101623535,0.0,0.7322265323999
2023-11-28,10.638862609863281,7.7900567054748535,0.0,0.7322264598334692
2023-11-29,10.729999542236328,7.856790065765381,0.0,0.7322265052145456
2023-11-30,10.710000038146973,7.842145919799805,0.0,0.7322265071771783
2023-12-01,10.460000038146973,7.73844575881958,0.109829,0.7398131673611804
2023-12-04,10.489999771118164,7.760639190673828,0.0,0.7398130943759397
2023-12-05,10.520000457763672,7.782834529876709,0.0,0.7398131360472558
2023-12-06,10.489999771118164,7.760639190673828,0.0,0.7398130943759397
2023-12-07,10.449999809265137,7.731046676635742,0.0,0.739813092607071
2023-12-08,10.449999809265137,7.731046676635742,0.0,0.739813092607071
2023-12-11,10.460000038146973,7.73844575881958,0.0,0.7398131673611804
2023-12-12,10.479999542236328,7.753243446350098,0.0,0.7398133382642909
2023-12-13,10.470000267028809,7.745842933654785,0.0,0.7398130597997502
2023-12-14,10.5,7.768037796020508,0.0,0.7398131234305245
2023-12-15,10.569999694824219,7.819823741912842,0.0,0.7398130527611985
2023-12-18,10.460000038146973,7.73844575881958,0.0,0.7398131673611804
2023-12-19,10.449999809265137,7.731046676635742,0.0,0.739813092607071
2023-12-20,10.449999809265137,7.731046676635742,0.0,0.739813092607071
2023-12-21,10.470000267028809,7.745842933654785,0.0,0.7398130597997502
2023-12-22,10.470000267028809,7.745842933654785,0.0,0.7398130597997502
2023-12-26,10.470000267028809,7.745842933654785,0.0,0.7398130597997502
2023-12-27,10.489999771118164,7.760639190673828,0.0,0.7398130943759397
2023-12-28,10.569999694824219,7.819823741912842,0.0,0.7398130527611985
2024-01-02,10.510000228881836,7.857077598571777,0.109829,0.747581106323886
2024-01-03,10.579999923706055,7.909407138824463,0.0,0.7475810204026814
2024-01-04,10.579999923706055,7.909407138824463,0.0,0.7475810204026814
2024-01-05,10.59000015258789,7.916882514953613,0.0,0.7475809632560728
2024-01-08,10.630000114440918,7.946785926818848,0.0,0.7475809822450605
2024-01-09,10.630000114440918,7.946785926818848,0.0,0.7475809822450605
2024-01-10,10.619999885559082,7.9393086433410645,0.0,0.7475808595946237
2024-01-11,10.609999656677246,7.931833267211914,0.0,0.7475809164819466
2024-01-12,10.630000114440918,7.946785926818848,0.0,0.7475809822450605
2024-01-15,10.670000076293945,7.976690292358398,0.0,0.7475810904707111
2024-01-16,10.699999809265137,7.999118328094482,0.0,0.7475811654845116
2024-01-17,10.670000076293945,7.976690292358398,0.0,0.7475810904707111
2024-01-18,10.680000305175781,7.984164714813232,0.0,0.7475809444447222
2024-01-19,10.699999809265137,7.999118328094482,0.0,0.7475811654845116
2024-01-22,10.6899995803833,7.991641044616699,0.0,0.7475810438086239
2024-01-23,10.6899995803833,7.991641044616699,0.0,0.7475810438086239
2024-01-24,10.699999809265137,7.999118328094482,0.0,0.7475811654845116
2024-01-25,10.720000267028809,8.014067649841309,0.0,0.7475809188634017
2024-01-26,10.710000038146973,8.006591796875,0.0,0.7475809307522923
2024-01-29,10.710000038146973,8.006591796875,0.0,0.7475809307522923
2024-01-30,10.729999542236328,8.02154541015625,0.0,0.7475811511996032
2024-01-31,10.75,8.03649616241455,0.0,0.7475810383641442
2024-02-01,10.510000228881836,7.930737495422363,0.099845,0.7545896596299235
2024-02-02,10.550000190734863,7.960919380187988,0.0,0.7545895010674373
2024-02-05,10.420000076293945,7.862823009490967,0.0,0.7545895347332393
2024-02-06,10.479999542236328,7.9080986976623535,0.0,0.7545896033479066
2024-02-07,10.489999771118164,7.915644645690918,0.0,0.7545895918401114
2024-02-08,10.489999771118164,7.915644645690918,0.0,0.7545895918401114
2024-02-09,10.529999732971191,7.945827007293701,0.0,0.7545894785176477
2024-02-14,10.4399995803833,7.877915859222412,0.0,0.7545896720173217
2024-02-15,10.479999542236328,7.9080986976623535,0.0,0.7545896033479066
2024-02-16,10.5,7.923191547393799,0.0,0.7545896711803618
2024-02-19,10.510000228881836,7.930737495422363,0.0,0.7545896596299235
2024-02-20,10.510000228881836,7.930737495422363,0.0,0.7545896596299235
2024-02-21,10.5,7.923191547393799,0.0,0.7545896711803618
2024-02-22,10.479999542236328,7.9080986976623535,0.0,0.7545896033479066
2024-02-23,10.5,7.923191547393799,0.0,0.7545896711803618
2024-02-26,10.449999809265137,7.88546085357666,0.0,0.754589569139062
2024-02-27,10.420000076293945,7.862823009490967,0.0,0.7545895347332393
2024-02-28,10.260000228881836,7.7420878410339355,0.0,0.7545894413569316
2024-02-29,10.34000015258789,7.802457332611084,0.0,0.7545896728694234
2024-03-01,10.289999961853027,7.8404364585876465,0.099845,0.7619471805299927
2024-03-04,10.329999923706055,7.870913028717041,0.0,0.7619470558421092
2024-03-05,10.260000228881836,7.817575931549072,0.0,0.7619469548882314
2024-03-06,10.279999732971191,7.832816123962402,0.0,0.7619471135626685
2024-03-07,10.289999961853027,7.8404364585876465,0.0,0.7619471805299927
2024-03-08,10.319999694824219,7.8632917404174805,0.0,0.761946896603219
2024-03-11,10.289999961853027,7.8404364585876465,0.0,0.7619471805299927
2024-03-12,10.260000228881836,7.817575931549072,0.0,0.7619469548882314
2024-03-13,10.289999961853027,7.8404364585876465,0.0,0.7619471805299927
2024-03-14,10.289999961853027,7.8404364585876465,0.0,0.7619471805299927
2024-03-15,10.329999923706055,7.870913028717041,0.0,0.7619470558421092
2024-03-18,10.399999618530273,7.924249649047852,0.0,0.76194710958727
2024-03-19,10.399999618530273,7.924249649047852,0.0,0.76194710958727
2024-03-20,10.4399995803833,7.954727649688721,0.0,0.761947123507132
2024-03-21,10.460000038146973,7.969964027404785,0.0,0.7619468449654704
2024-03-22,10.460000038146973,7.969964027404785,0.0,0.7619468449654704
2024-03-25,10.479999542236328,7.985206604003906,0.0,0.7619472283201972
2024-03-26,10.479999542236328,7.985206604003906,0.0,0.7619472283201972
2024-03-27,10.489999771118164,7.992824554443359,0.0,0.7619470666195618
2024-03-28,10.510000228881836,8.008065223693848,0.0,0.7619471978399595
2024-04-01,10.319999694824219,7.938712120056152,0.099845,0.769255073140908
2024-04-02,10.350000381469727,7.961788654327393,0.0,0.7692549140946793
2024-04-03,10.399999618530273,8.000250816345215,0.0,0.769254914403142
2024-04-04,10.420000076293945,8.015636444091797,0.0,0.7692549314205666
2024-04-05,10.4399995803833,8.031022071838379,0.0,0.7692550186427807
2024-04-08,10.470000267028809,8.054099082946777,0.0,0.7692549071187732
2024-04-09,10.470000267028809,8.054099082946777,0.0,0.7692549071187732
2024-04-10,10.460000038146973,8.046404838562012,0.0,0.7692547618754562
2024-04-11,10.460000038146973,8.046404838562012,0.0,0.7692547618754562
2024-04-12,10.489999771118164,8.06948471069336,0.0,0.7692549939715781
2024-04-15,10.420000076293945,8.015636444091797,0.0,0.7692549314205666
2024-04-16,10.40999984741211,8.007944107055664,0.0,0.7692549687257115
2024-04-17,10.369999885559082,7.977175235748291,0.0,0.7692550939038139
2024-04-18,10.399999618530273,8.000250816345215,0.0,0.769254914403142
2024-04-19,10.390000343322754,7.992560386657715,0.0,0.7692550647309863
2024-04-22,10.390000343322754,7.992560386657715,0.0,0.7692550647309863
2024-04-23,10.390000343322754,7.992560386657715,0.0,0.7692550647309863
2024-04-24,10.319999694824219,7.938712120056152,0.0,0.769255073140908
2024-04-25,10.380000114440918,7.98486852645874,0.0,0.7692551482104504
2024-04-26,10.359999656677246,7.969481945037842,0.0,0.769255039492336
2024-04-29,10.430000305175781,8.023329734802246,0.0,0.7692549856226515
2024-04-30,10.430000305175781,8.023329734802246,0.0,0.7692549856226515
2024-05-02,10.319999694824219,8.01544189453125,0.099845,0.7766901290269639
2024-05-03,10.220000267028809,7.93777322769165,0.0,0.7766901194024475
2024-05-06,10.279999732971191,7.984373092651367,0.0,0.7766900097324878
2024-05-07,10.329999923706055,8.023209571838379,0.0,0.776690186940478
2024-05-08,10.319999694824219,8.01544189453125,0.0,0.7766901290269639
2024-05-09,10.329999923706055,8.023209571838379,0.0,0.776690186940478
2024-05-10,10.329999923706055,8.023209571838379,0.0,0.776690186940478
2024-05-13,10.25,7.961075305938721,0.0,0.7766902737501191
2024-05-14,10.229999542236328,7.945539474487305,0.0,0.7766901104621526
2024-05-15,10.260000228881836,7.9688401222229,0.0,0.7766900530655609
2024-05-16,10.359999656677246,8.0465087890625,0.0,0.7766900632932309
2024-05-17,10.359999656677246,8.0465087890625,0.0,0.7766900632932309
2024-05-20,10.369999885559082,8.054276466369629,0.0,0.7766901210467463
2024-05-21,10.329999923706055,8.023209571838379,0.0,0.776690186940478
2024-05-22,10.34000015258789,8.030974388122559,0.0,0.7766899680472993
2024-05-23,10.369999885559082,8.054276466369629,0.0,0.7766901210467463
2024-05-24,10.329999923706055,8.023209571838379,0.0,0.776690186940478
2024-05-27,10.319999694824219,8.01544189453125,0.0,0.7766901290269639
2024-05-28,10.300000190734863,7.999908924102783,0.0,0.7766901724233873
2024-05-29,10.319999694824219,8.01544189453125,0.0,0.7766901290269639
2024-05-31,10.319999694824219,8.01544189453125,0.0,0.7766901290269639
2024-06-03,10.260000228881836,8.04669189453125,0.099845,0.7842779449341398
2024-06-04,10.220000267028809,8.01531982421875,0.0,0.7842778488056723
2024-06-05,10.20412540435791,8.002870559692383,0.0,0.7842779505899222
2024-06-06,10.194141387939453,7.995041370391846,0.0,0.7842780540449114
2024-06-07,10.174172401428223,7.979381084442139,0.0,0.784278147608548
2024-06-10,10.154203414916992,7.963715553283691,0.0,0.784277724984771
2024-06-11,10.144219398498535,7.9558892250061035,0.0,0.7842781107616491
2024-06-12,10.124250411987305,7.940227031707764,0.0,0.78427801650445
2024-06-13,10.134234428405762,7.948056221008301,0.0,0.7842779123729652
2024-06-14,10.180000305175781,7.983949661254883,0.0,0.784277939284111
2024-06-17,10.149999618530273,7.960419178009033,0.0,0.7842777810036713
2024-06-18,10.149999618530273,7.960419178009033,0.0,0.7842777810036713
2024-06-19,10.109999656677246,7.929050445556641,0.0,0.7842780133350274
2024-06-20,10.130000114440918,7.944736003875732,0.0,0.7842779777020968
2024-06-21,10.130000114440918,7.944736003875732,0.0,0.7842779777020968
2024-06-24,10.1899995803833,7.991793155670166,0.0,0.7842780652371285
2024-06-25,10.149999618530273,7.960419178009033,0.0,0.7842777810036713
2024-06-26,10.149999618530273,7.960419178009033,0.0,0.7842777810036713
2024-06-27,10.1899995803833,7.991793155670166,0.0,0.7842780652371285
2024-06-28,10.239999771118164,8.031007766723633,0.0,0.7842781197490868
2024-07-01,10.109999656677246,8.007245063781738,0.1,0.7920123972005555
2024-07-02,10.100000381469727,7.999326705932617,0.0,0.7920125152281009
2024-07-03,10.109999656677246,8.007245063781738,0.0,0.7920123972005555
2024-07-04,10.149999618530273,8.038925170898438,0.0,0.7920123618745987
2024-07-05,10.15999984741211,8.046847343444824,0.0,0.7920125456984595
2024-07-08,10.170000076293945,8.054767608642578,0.0,0.7920125416142396
2024-07-09,10.140000343322754,8.031006813049316,0.0,0.792012479401717
2024-07-10,10.140000343322754,8.031006813049316,0.0,0.792012479401717
2024-07-11,10.1899995803833,8.070609092712402,0.0,0.7920127011829399
2024-07-12,10.199999809265137,8.078526496887207,0.0,0.7920124164658419
2024-07-15,10.210000038146973,8.086446762084961,0.0,0.7920124125242003
2024-07-16,10.199999809265137,8.078526496887207,0.0,0.7920124164658419
2024-07-17,10.1899995803833,8.070609092712402,0.0,0.7920127011829399
2024-07-18,10.170000076293945,8.054767608642578,0.0,0.7920125416142396
2024-07-19,10.180000305175781,8.062688827514648,0.0,0.7920126312192117
2024-07-22,10.1899995803833,8.070609092712402,0.0,0.7920127011829399
2024-07-23,10.1899995803833,8.070609092712402,0.0,0.7920127011829399
2024-07-24,10.170000076293945,8.054767608642578,0.0,0.7920125416142396
2024-07-25,10.149999618530273,8.038925170898438,0.0,0.7920123618745987
2024-07-26,10.170000076293945,8.054767608642578,0.0,0.7920125416142396
2024-07-29,10.029999732971191,7.943887710571289,0.0,0.7920127539443181
2024-07-30,10.1899995803833,8.070609092712402,0.0,0.7920127011829399
2024-07-31,10.1899995803833,8.070609092712402,0.0,0.7920127011829399
2024-08-01,10.09000015258789,8.07060718536377,0.1,0.7998619487923213
2024-08-02,10.09000015258789,8.07060718536377,0.0,0.7998619487923213
2024-08-05,10.0600004196167,8.046609878540039,0.0,0.7998617835889341
2024-08-06,10.020000457763672,8.014616012573242,0.0,0.7998618409606336
2024-08-07,10.010000228881836,8.006619453430176,0.0,0.7998620649706571
2024-08-08,10.0,7.998618125915527,0.0,0.7998618125915528
2024-08-09,9.989999771118164,7.990619659423828,0.0,0.7998618460958634
2024-08-12,10.010000228881836,8.006619453430176,0.0,0.7998620649706571
2024-08-13,10.010000228881836,8.006619453430176,0.0,0.7998620649706571
2024-08-14,10.020000457763672,8.014616012573242,0.0,0.7998618409606336
2024-08-15,10.050000190734863,8.038614273071289,0.0,0.7998621015432538
2024-08-16,10.0600004196167,8.046609878540039,0.0,0.7998617835889341
2024-08-19,10.029999732971191,8.02261734008789,0.0,0.7998621688608307
2024-08-20,10.039999961853027,8.030613899230957,0.0,0.7998619451935527
2024-08-21,10.039999961853027,8.030613899230957,0.0,0.7998619451935527
2024-08-22,10.050000190734863,8.038614273071289,0.0,0.7998621015432538
2024-08-23,10.100000381469727,8.078608512878418,0.0,0.799862198787644
2024-08-26,10.039999961853027,8.030613899230957,0.0,0.7998619451935527
2024-08-27,10.0600004196167,8.046609878540039,0.0,0.7998617835889341
2024-08-28,10.039999961853027,8.030613899230957,0.0,0.7998619451935527
2024-08-29,10.079999923706055,8.06260871887207,0.0,0.7998619821326088
2024-08-30,10.140000343322754,8.110599517822266,0.0,0.7998618583048807
2024-09-02,10.029999732971191,8.094461441040039,0.09,0.8070250903827505
2024-09-03,10.010000228881836,8.078319549560547,0.0,0.8070249115731472
2024-09-04,10.0,8.070247650146484,0.0,0.8070247650146485
2024-09-05,10.0,8.070247650146484,0.0,0.8070247650146485
2024-09-06,10.020000457763672,8.086389541625977,0.0,0.807024867484961
2024-09-09,10.020000457763672,8.086389541625977,0.0,0.807024867484961
2024-09-10,9.989999771118164,8.062177658081055,0.0,0.807024809088526
2024-09-11,10.0,8.070247650146484,0.0,0.8070247650146485
2024-09-12,10.010000228881836,8.078319549560547,0.0,0.8070249115731472
2024-09-13,10.0,8.070247650146484,0.0,0.8070247650146485
2024-09-16,10.020000457763672,8.086389541625977,0.0,0.807024867484961
2024-09-17,10.0,8.070247650146484,0.0,0.8070247650146485
2024-09-18,10.010000228881836,8.078319549560547,0.0,0.8070249115731472
2024-09-19,10.0,8.070247650146484,0.0,0.8070247650146485
2024-09-20,10.09000015258789,8.142881393432617,0.0,0.8070249029029127
2024-09-23,10.010000228881836,8.078319549560547,0.0,0.8070249115731472
2024-09-24,9.989999771118164,8.062177658081055,0.0,0.807024809088526
2024-09-25,9.979999542236328,8.054108619689941,0.0,0.8070249488092831
2024-09-26,9.979999542236328,8.054108619689941,0.0,0.8070249488092831
2024-09-27,9.989999771118164,8.062177658081055,0.0,0.807024809088526
2024-09-30,9.930000305175781,8.013758659362793,0.0,0.8070250164227898
2024-10-01,9.739999771118164,7.932315826416016,0.09,0.8144061614803689
2024-10-02,10.010000228881836,8.152204513549805,0.0,0.8144060266880178
2024-10-03,9.90999984741211,8.070765495300293,0.0,0.8144062179181453
2024-10-04,9.899999618530273,8.062621116638184,0.0,0.8144062047787369
2024-10-07,9.899999618530273,8.062621116638184,0.0,0.8144062047787369
2024-10-08,9.859999656677246,8.030043601989746,0.0,0.8144060731839636
2024-10-09,9.819999694824219,7.997467517852783,0.0,0.814406086190407
2024-10-10,9.770000457763672,7.95674991607666,0.0,0.8144062992089092
2024-10-11,9.770000457763672,7.95674991607666,0.0,0.8144062992089092
2024-10-14,9.770000457763672,7.95674991607666,0.0,0.8144062992089092
2024-10-15,9.760000228881836,7.948604583740234,0.0,0.814406188251788
2024-10-16,9.760000228881836,7.948604583740234,0.0,0.814406188251788
2024-10-17,9.710000038146973,7.9078850746154785,0.0,0.8144062866682126
2024-10-18,9.779999732971191,7.964890480041504,0.0,0.8144060017905285
2024-10-21,9.720000267028809,7.916028022766113,0.0,0.8144061528082519
2024-10-22,9.680000305175781,7.883452892303467,0.0,0.8144062648519007
2024-10-23,9.550000190734863,7.777581214904785,0.0,0.8144063936721563
2024-10-24,9.319999694824219,7.590265274047852,0.0,0.8144061719511686
2024-10-25,9.510000228881836,7.745002746582031,0.0,0.8144061577475556
2024-10-28,9.640000343322754,7.850876808166504,0.0,0.8144062788965039
2024-10-29,9.579999923706055,7.802009582519531,0.0,0.8144060171872421
2024-10-30,9.710000038146973,7.9078850746154785,0.0,0.8144062866682126
2024-10-31,9.649999618530273,7.859017372131348,0.0,0.8144059774924947
2024-11-01,9.420000076293945,7.743929386138916,0.09,0.8220731765838334
2024-11-04,9.270000457763672,7.62061882019043,0.0,0.8220731870415522
2024-11-05,9.3100004196167,7.653500556945801,0.0,0.8220730625123754
2024-11-06,9.279999732971191,7.628840446472168,0.0,0.8220733476281719
2024-11-07,9.220000267028809,7.579514503479004,0.0,0.8220731327507369
2024-11-08,9.319999694824219,7.661722183227539,0.0,0.8220732225433881
2024-11-11,9.270000457763672,7.62061882019043,0.0,0.8220731870415522
2024-11-12,9.180000305175781,7.546630859375,0.0,0.8220730510346639
2024-11-13,9.079999923706055,7.4644246101379395,0.0,0.822073201856514
2024-11-14,9.140000343322754,7.513749599456787,0.0,0.8220732294551797
2024-11-18,9.199999809265137,7.563072681427002,0.0,0.8220731345896749
2024-11-19,9.239999771118164,7.595955848693848,0.0,0.8220731641614137
2024-11-21,9.199999809265137,7.563072681427002,0.0,0.8220731345896749
2024-11-22,9.350000381469727,7.686385154724121,0.0,0.8220732450404348
2024-11-25,9.649999618530273,7.933004379272461,0.0,0.8220730251677133
2024-11-26,9.4399995803833,7.760367393493652,0.0,0.8220728536492743
2024-11-27,9.350000381469727,7.686385154724121,0.0,0.8220732450404348
2024-11-28,9.300000190734863,7.645280838012695,0.0,0.8220731915284599
2024-11-29,9.380000114440918,7.7110466957092285,0.0,0.8220731984680615
2024-12-02,9.260000228881836,7.694427490234375,0.1,0.8309316738714048
2024-12-03,9.289999961853027,7.719356060028076,0.0,0.8309317644483969
2024-12-04,9.180000305175781,7.627952575683594,0.0,0.8309316255014582
2024-12-05,9.050000190734863,7.519933223724365,0.0,0.8309318304128946
2024-12-06,9.239999771118164,7.677809715270996,0.0,0.8309318079498045
2024-12-09,9.100000381469727,7.561479091644287,0.0,0.8309317334801083
2024-12-10,9.050000190734863,7.519933223724365,0.0,0.8309318304128946
2024-12-11,9.020000457763672,7.4950056076049805,0.0,0.8309318433741207
2024-12-12,8.979999542236328,7.461767196655273,0.0,0.8309318014505196
2024-12-13,9.079999923706055,7.544858932495117,0.0,0.8309316074768908
2024-12-16,9.100000381469727,7.561479091644287,0.0,0.8309317334801083
2024-12-17,8.979999542236328,7.461767196655273,0.0,0.8309318014505196
2024-12-18,8.899999618530273,7.395291328430176,0.0,0.8309316455511734
2024-12-19,8.850000381469727,7.353745460510254,0.0,0.8309316546367213
2024-12-20,8.859999656677246,7.362054347991943,0.0,0.8309316741839384
2024-12-23,8.989999771118164,7.470076084136963,0.0,0.8309317324051327
2024-12-26,9.100000381469727,7.561479091644287,0.0,0.8309317334801083
2024-12-27,9.329999923706055,7.752593040466309,0.0,0.830931736748271
2024-12-30,9.369999885559082,7.785830974578857,0.0,0.8309318110641896
2025-01-02,9.260000228881836,7.777432441711426,0.1,0.8398954913039529
2025-01-03,9.3100004196167,7.819426536560059,0.0,0.8398954010876394
2025-01-06,9.369999885559082,7.869818210601807,0.0,0.8398952301729122
2025-01-07,9.4399995803833,7.928612232208252,0.0,0.8398954009155072
2025-01-08,9.420000076293945,7.911813735961914,0.0,0.8398952942550943
2025-01-09,9.329999923706055,7.836224555969238,0.0,0.8398954576686148
2025-01-10,9.350000381469727,7.85302209854126,0.0,0.8398953773418824
2025-01-13,9.199999809265137,7.727035999298096,0.0,0.8398952347277607
2025-01-14,9.25,7.7690300941467285,0.0,0.8398951453131598
2025-01-15,9.390000343322754,7.886618614196777,0.0,0.8398954553611881
2025-01-16,9.3100004196167,7.819426536560059,0.0,0.8398954010876394
2025-01-17,9.140000343322754,7.676644802093506,0.0,0.839895461021694
2025-01-20,9.09000015258789,7.634649276733398,0.0,0.8398953958828967
2025-01-21,9.100000381469727,7.6430487632751465,0.0,0.8398954332835676
2025-01-22,9.069999694824219,7.6178507804870605,0.0,0.839895373407143
2025-01-23,9.050000190734863,7.6010541915893555,0.0,0.8398954730819898
2025-01-24,9.15999984741211,7.693441390991211,0.0,0.8398953623525188
2025-01-27,9.100000381469727,7.6430487632751465,0.0,0.8398954332835676
2025-01-28,9.069999694824219,7.6178507804870605,0.0,0.839895373407143
2025-01-29,9.069999694824219,7.6178507804870605,0.0,0.839895373407143
2025-01-30,9.140000343322754,7.676644802093506,0.0,0.839895461021694
2025-01-31,9.210000038146973,7.7354350090026855,0.0,0.8398952200828692
2025-02-03,9.029999732971191,7.65910005569458,0.09,0.848183862921828
2025-02-04,9.0,7.6336541175842285,0.0,0.848183790842692
2025-02-05,8.970000267028809,7.608208179473877,0.0,0.8481837182814258
2025-02-06,8.989999771118164,7.625173091888428,0.0,0.84818390278335
2025-02-07,8.989999771118164,7.625173091888428,0.0,0.84818390278335
2025-02-10,8.989999771118164,7.625173091888428,0.0,0.84818390278335
2025-02-11,8.960000038146973,7.59972620010376,0.0,0.8481837240790311
2025-02-12,8.949999809265137,7.591244697570801,0.0,0.8481837831674881
2025-02-13,8.920000076293945,7.565800189971924,0.0,0.8481838705449137
2025-02-14,9.0,7.6336541175842285,0.0,0.848183790842692
2025-02-17,9.029999732971191,7.65910005569458,0.0,0.848183862921828
2025-02-18,9.039999961853027,7.667581081390381,0.0,0.8481837515205778
2025-02-19,9.100000381469727,7.718473434448242,0.0,0.8481838583397557
2025-02-20,9.1899995803833,7.794808387756348,0.0,0.8481837588322543
2025-02-21,9.119999885559082,7.735436916351318,0.0,0.8481838830502478
2025-02-24,9.079999923706055,7.70150899887085,0.0,0.8481838175751255
2025-02-25,9.180000305175781,7.7863264083862305,0.0,0.8481836764206007
2025-02-26,9.130000114440918,7.743919849395752,0.0,0.8481839816351368
2025-02-27,9.100000381469727,7.718473434448242,0.0,0.8481838583397557
2025-02-28,9.079999923706055,7.70150899887085,0.0,0.8481838175751255
2025-03-05,9.020000457763672,7.727208137512207,0.09,0.8566749163367574
2025-03-06,9.020000457763672,7.727208137512207,0.0,0.8566749163367574
2025-03-07,9.050000190734863,7.7529096603393555,0.0,0.8566750825349779
2025-03-10,9.039999961853027,7.7443437576293945,0.0,0.8566751980430265
2025-03-11,9.039999961853027,7.7443437576293945,0.0,0.8566751980430265
2025-03-12,9.039999961853027,7.7443437576293945,0.0,0.8566751980430265
2025-03-13,9.020000457763672,7.727208137512207,0.0,0.8566749163367574
2025-03-14,9.050000190734863,7.7529096603393555,0.0,0.8566750825349779
2025-03-17,9.010000228881836,7.718642711639404,0.0,0.8566750849680398
2025-03-18,9.029999732971191,7.735776424407959,0.0,0.8566751553892475
2025-03-19,9.020000457763672,7.727208137512207,0.0,0.8566749163367574
2025-03-20,9.020000457763672,7.727208137512207,0.0,0.8566749163367574
2025-03-21,9.0600004196167,7.761477947235107,0.0,0.8566752304370723
2025-03-24,9.010000228881836,7.718642711639404,0.0,0.8566750849680398
2025-03-25,9.020000457763672,7.727208137512207,0.0,0.8566749163367574
2025-03-26,9.069999694824219,7.770042419433594,0.0,0.8566750475049693
2025-03-27,9.079999923706055,7.778609752655029,0.0,0.8566750900896642
2025-03-28,9.140000343322754,7.830010890960693,0.0,0.8566751200048831
2025-03-31,9.15999984741211,7.847143173217773,0.0,0.8566750331807871
2025-04-01,9.050000190734863,7.829840660095215,0.09,0.8651757453122694
2025-04-02,9.079999923706055,7.855794906616211,0.0,0.8651756577779598
2025-04-03,9.020000457763672,7.803884506225586,0.0,0.8651756219711326
2025-04-04,9.029999732971191,7.812536239624023,0.0,0.865175688887138
2025-04-07,9.020000457763672,7.803884506225586,0.0,0.8651756219711326
2025-04-08,9.010000228881836,7.795233726501465,0.0,0.8651757523283519
2025-04-09,9.020000457763672,7.803884506225586,0.0,0.8651756219711326
2025-04-10,9.010000228881836,7.795233726501465,0.0,0.8651757523283519
2025-04-11,9.0,7.786582946777344,0.0,0.8651758829752604
2025-04-14,9.029999732971191,7.812536239624023,0.0,0.865175688887138
2025-04-15,9.039999961853027,7.821189880371094,0.0,0.8651758753733334
2025-04-16,9.069999694824219,7.847143173217773,0.0,0.8651756821663107
2025-04-17,9.130000114440918,7.899054050445557,0.0,0.8651756792370271
2025-04-22,9.119999885559082,7.890403747558594,0.0,0.86517586036953
2025-04-23,9.180000305175781,7.942312717437744,0.0,0.8651756485192909
2025-04-24,9.260000228881836,8.011528015136719,0.0,0.8651757901850643
2025-04-25,9.300000190734863,8.046134948730469,0.0,0.8651757831947617
2025-04-28,9.319999694824219,8.063436508178711,0.0,0.8651756193357678
2025-04-29,9.279999732971191,8.028828620910645,0.0,0.8651755228380855
2025-04-30,9.300000190734863,8.046134948730469,0.0,0.8651757831947617
2025-05-02,9.289999961853027,8.124845504760742,0.1,0.8745797134686017
2025-05-05,9.260000228881836,8.09860897064209,0.0,0.8745797808279334
2025-05-06,9.279999732971191,8.116101264953613,0.0,0.8745799028547029
2025-05-07,9.279999732971191,8.116101264953613,0.0,0.8745799028547029
2025-05-08,9.300000190734863,8.133593559265137,0.0,0.8745799346722852
2025-05-09,9.350000381469727,8.177322387695312,0.0,0.8745798988309688
2025-05-12,9.3100004196167,8.142338752746582,0.0,0.8745798480943365
2025-05-13,9.300000190734863,8.133593559265137,0.0,0.8745799346722852
2025-05-14,9.34000015258789,8.168575286865234,0.0,0.874579780879545
2025-05-15,9.390000343322754,8.212305068969727,0.0,0.8745798475725841
2025-05-16,9.380000114440918,8.203559875488281,0.0,0.8745799334115726
2025-05-19,9.350000381469727,8.177322387695312,0.0,0.8745798988309688
2025-05-20,9.420000076293945,8.238541603088379,0.0,0.8745797809302799
2025-05-21,9.470000267028809,8.282273292541504,0.0,0.8745800484692118
2025-05-22,9.510000228881836,8.317253112792969,0.0,0.8745796963846016
2025-05-23,9.630000114440918,8.422203063964844,0.0,0.8745797470277399
2025-05-26,9.600000381469727,8.395967483520508,0.0,0.8745799114473696
2025-05-27,9.579999923706055,8.378474235534668,0.0,0.8745797810292077
2025-05-28,9.520000457763672,8.32599925994873,0.0,0.8745797121426376
2025-05-29,9.529999732971191,8.334745407104492,0.0,0.8745798153874604
2025-05-30,9.5600004196167,8.360983848571777,0.0,0.8745798620903203
2025-06-02,9.359999656677246,8.272601127624512,0.1,0.8838249392159961
2025-06-03,9.420000076293945,8.325630187988281,0.0,0.8838248535623987
2025-06-04,9.350000381469727,8.263763427734375,0.0,0.8838249294740023
2025-06-05,9.359999656677246,8.272601127624512,0.0,0.8838249392159961
2025-06-06,9.399999618530273,8.307952880859375,0.0,0.8838248104267855
2025-06-09,9.289999961853027,8.210731506347656,0.0,0.8838247082952523
2025-06-10,9.239999771118164,8.16654109954834,0.0,0.8838248162164271
2025-06-11,9.270000457763672,8.193058013916016,0.0,0.8838249848255713
2025-06-12,9.25,8.175379753112793,0.0,0.883824838174356
2025-06-13,9.380000114440918,8.290278434753418,0.0,0.8838249822609462
2025-06-16,9.430000305175781,8.334467887878418,0.0,0.8838247739296397
2025-06-17,9.359999656677246,8.272601127624512,0.0,0.8838249392159961
2025-06-18,9.369999885559082,8.281437873840332,0.0,0.8838247572023531
2025-06-20,9.380000114440918,8.290278434753418,0.0,0.8838249822609462
2025-06-23,9.359999656677246,8.272601127624512,0.0,0.8838249392159961
2025-06-24,9.40999984741211,8.316792488098145,0.0,0.883824933364413
2025-06-25,9.390000343322754,8.299116134643555,0.0,0.8838249021519016
2025-06-26,9.4399995803833,8.343306541442871,0.0,0.8838248847786602
2025-06-27,9.470000267028809,8.369824409484863,0.0,0.8838251503144758
2025-06-30,9.520000457763672,8.414012908935547,0.0,0.8838248428941851
2025-07-01,9.390000343322754,8.387215614318848,0.1,0.893207168014963
2025-07-02,9.489999771118164,8.476537704467773,0.0,0.8932073665865875
2025-07-03,9.470000267028809,8.458672523498535,0.0,0.8932072106638308
2025-07-04,9.5,8.485468864440918,0.0,0.8932072488885177
2025-07-07,9.449999809265137,8.440808296203613,0.0,0.8932072451396164
2025-07-08,9.489999771118164,8.476537704467773,0.0,0.8932073665865875
2025-07-09,9.489999771118164,8.476537704467773,0.0,0.8932073665865875
2025-07-10,9.460000038146973,8.44974136352539,0.0,0.8932073286947394
2025-07-11,9.489999771118164,8.476537704467773,0.0,0.8932073665865875
2025-07-14,9.5,8.485468864440918,0.0,0.8932072488885177
2025-07-15,9.539999961853027,8.521196365356445,0.0,0.8932071697515298
2025-07-16,9.569999694824219,8.547992706298828,0.0,0.8932072078248731
2025-07-17,9.579999923706055,8.556926727294922,0.0,0.8932073899207973
2025-07-18,9.5,8.485468864440918,0.0,0.8932072488885177
2025-07-21,9.470000267028809,8.458672523498535,0.0,0.8932072106638308
2025-07-22,9.489999771118164,8.476537704467773,0.0,0.8932073665865875
2025-07-23,9.510000228881836,8.494400978088379,0.0,0.8932072317191869
2025-07-24,9.600000381469727,8.574789047241211,0.0,0.8932071569280959
2025-07-25,9.550000190734863,8.530129432678223,0.0,0.8932072525981632
2025-07-28,9.510000228881836,8.494400978088379,0.0,0.8932072317191869
2025-07-29,9.520000457763672,8.50333309173584,0.0,0.893207214585927
2025-07-30,9.529999732971191,8.5122652053833,0.0,0.8932072868725476
2025-07-31,9.600000381469727,8.574789047241211,0.0,0.8932071569280959
2025-08-01,9.399999618530273,8.484530448913574,0.1,0.9026096588544504
2025-08-04,9.430000305175781,8.511606216430664,0.0,0.9026093256602501
2025-08-05,9.40999984741211,8.493555068969727,0.0,0.9026094799890545
2025-08-06,9.399999618530273,8.484530448913574,0.0,0.9026096588544504
2025-08-07,9.40999984741211,8.493555068969727,0.0,0.9026094799890545
2025-08-08,9.40999984741211,8.493555068969727,0.0,0.9026094799890545
2025-08-11,9.399999618530273,8.484530448913574,0.0,0.9026096588544504
2025-08-12,9.420000076293945,8.502580642700195,0.0,0.9026094027427349
2025-08-13,9.399999618530273,8.484530448913574,0.0,0.9026096588544504
2025-08-14,9.470000267028809,8.547711372375488,0.0,0.9026094119696697
2025-08-15,9.520000457763672,8.592842102050781,0.0,0.9026094210996826
2025-08-18,9.550000190734863,8.61992073059082,0.0,0.9026094825582958
2025-08-19,9.550000190734863,8.61992073059082,0.0,0.9026094825582958
2025-08-20,9.529999732971191,8.601868629455566,0.0,0.9026095352023416
2025-08-21,9.520000457763672,8.592842102050781,0.0,0.9026094210996826
2025-08-22,9.539999961853027,8.610893249511719,0.0,0.9026093589039343
2025-08-25,9.520000457763672,8.592842102050781,0.0,0.9026094210996826
2025-08-26,9.579999923706055,8.64699935913086,0.0,0.902609543631994
2025-08-27,9.5600004196167,8.628947257995605,0.0,0.9026095061972368
2025-08-28,9.5600004196167,8.628947257995605,0.0,0.9026095061972368
2025-08-29,9.619999885559082,8.683103561401367,0.0,0.9026095285547641
2025-09-01,9.520000457763672,8.68310260772705,0.1,0.9120905661980172
2025-09-02,9.510000228881836,8.673982620239258,0.0,0.9120906846980302
2025-09-03,9.510000228881836,8.673982620239258,0.0,0.9120906846980302
2025-09-04,9.520000457763672,8.68310260772705,0.0,0.9120905661980172
2025-09-05,9.550000190734863,8.710465431213379,0.0,0.912090602852974
2025-09-08,9.649999618530273,8.80167293548584,0.0,0.9120904956912697
2025-09-09,9.630000114440918,8.783432960510254,0.0,0.9120906392658115
2025-09-10,9.75,8.89288330078125,0.0,0.9120905949519231
2025-09-11,9.760000228881836,8.90200424194336,0.0,0.9120905771703272
2025-09-12,9.779999732971191,8.920246124267578,0.0,0.9120906306566516
2025-09-15,9.770000457763672,8.911125183105469,0.0,0.9120905594251326
2025-09-16,9.770000457763672,8.911125183105469,0.0,0.9120905594251326
2025-09-17,9.770000457763672,8.911125183105469,0.0,0.9120905594251326
2025-09-18,9.729999542236328,8.874641418457031,0.0,0.9120906306247675
2025-09-19,9.800000190734863,8.93848991394043,0.0,0.9120907897931548
2025-09-22,9.800000190734863,8.93848991394043,0.0,0.9120907897931548
2025-09-23,9.789999961853027,8.929366111755371,0.0,0.9120905154799656
2025-09-24,9.800000190734863,8.93848991394043,0.0,0.9120907897931548
2025-09-25,9.800000190734863,8.93848991394043,0.0,0.9120907897931548
2025-09-26,9.789999961853027,8.929366111755371,0.0,0.9120905154799656
2025-09-29,9.800000190734863,8.93848991394043,0.0,0.9120907897931548
2025-09-30,9.770000457763672,8.911125183105469,0.0,0.9120905594251326
2025-10-01,9.539999961853027,8.791328430175781,0.1,0.9215228999296741
2025-10-02,9.579999923706055,8.828187942504883,0.0,0.9215227570784436
2025-10-03,9.680000305175781,8.920341491699219,0.0,0.9215228523215664
2025-10-06,9.609999656677246,8.8558349609375,0.0,0.9215229216771371
2025-10-07,9.609999656677246,8.8558349609375,0.0,0.9215229216771371
2025-10-08,9.579999923706055,8.828187942504883,0.0,0.9215227570784436
2025-10-09,9.600000381469727,8.846619606018066,0.0,0.9215228390088542
2025-10-10,9.550000190734863,8.800542831420898,0.0,0.9215227911679974
2025-10-13,9.539999961853027,8.791328430175781,0.0,0.9215228999296741
2025-10-14,9.619999885559082,8.865049362182617,0.0,0.921522813684255
2025-10-15,9.65999984741211,8.901908874511719,0.0,0.9215226723731801
2025-10-16,9.640000343322754,8.8834810256958,0.0,0.9215228951572637
2025-10-17,9.670000076293945,8.911125183105469,0.0,0.92152276244042
2025-10-20,9.619999885559082,8.865049362182617,0.0,0.921522813684255
2025-10-21,9.640000343322754,8.8834810256958,0.0,0.9215228951572637
2025-10-22,9.630000114440918,8.87426471710205,0.0,0.9215228049472622
2025-10-23,9.619999885559082,8.865049362182617,0.0,0.921522813684255
2025-10-24,9.640000343322754,8.8834810256958,0.0,0.9215228951572637
2025-10-27,9.609999656677246,8.8558349609375,0.0,0.9215229216771371
2025-10-28,9.619999885559082,8.865049362182617,0.0,0.921522813684255
2025-10-29,9.630000114440918,8.87426471710205,0.0,0.9215228049472622
2025-10-30,9.609999656677246,8.8558349609375,0.0,0.9215229216771371
2025-10-31,9.649999618530273,8.892695426940918,0.0,0.9215228785983418
2025-11-03,9.569999694824219,8.9113187789917,0.1,0.9311723158999935
